component,capability,user_value,baseline_necessity,unit_cost_allowance_gbp,power_impact,pcb_impact,enclosure_impact,regulatory_impact,manufacturing_impact,reliability_impact,phone_substitute,gateway_substitute,status,evidence
BLE MCU,Application processing/BLE,Basic controls and optional phone,Required; networking host suitability unresolved,2–5,Active/idle measurement needed,Core module area,Thermal/debug access,BLE combined-product assessment,Programming/test,Firmware/thermal risk,Cannot replace no-phone baseline,Cannot handle offline button alone,investigate,ESP32-S3 datasheet; no candidate benchmarking
LoRa modem,Sub-GHz link,Nearby offline exchange,Required for early radio concept,2–5,TX bursts; legal airtime budget,RF layout/matching,Antenna keep-out,Regional power/access rules,RF calibration/test,RF/interference risk,"No, phone lacks this radio",Only at infrastructure,investigate,Semtech SX1262 datasheet; RNode supported hardware
GNSS,Location/time,No-phone located report,Preferred experiment; not frozen,4–9,Acquisition/tracking cost,Module and antenna,Sky view/placement,Receive/composite EMC assessment,Fix/antenna test,No fix/slow fix risk,Yes with permission/freshness limits,No current mobile position,investigate,No GNSS part selected; measure startup and cost
Flash,Firmware/storage,Updates/recovery,Use MCU integrated flash first,0–2,Writes/standby,Chip optional,None normally,Minimal direct,Programming/yield,Wear/power-loss risk,Not firmware execution,Not offline boot,MVP,MCU datasheet; separate flash only if measured need
Secure element,Key protection,Compromise resistance,Not yet justified,1–3,Transaction/idle,Chip/bus,None normally,Security review,Provisioning complexity,Provisioning failure risk,Phone keys not independent device keys,Not offline signing,later,Threat model; no part or key architecture selected
LEDs,Acknowledgement/state,Brief feedback,Required prototype feedback,0.1–0.5,Brightness dependent,Small,Light pipe/glare,EMC integration,Assembly/optical test,Lifetime/visibility risk,Only when phone present,No tactile-time feedback,MVP,Human-factors prototype needed
Display,Rich local UI,Detailed status,Not baseline,2–8,Backlight/active,Large connector/driver,Window/heat,Distraction assessment,Assembly/sealing,Impact/heat/failure,Yes,Phone/gateway UI for diagnostics,reject,Simple edge principle; no demonstrated need
Buzzer,Short audio feedback,Acknowledgement,Compare with LED,0.2–1,Burst,Small/driver,Acoustic path,Distraction/EMC,Acoustic QA,Annoyance/failure,Yes when paired,No local sound,investigate,Stationary human-factors study
Speaker,Voice output,Rich alerts,No,1–4,Amplifier/audio,Driver/amp,Acoustic volume,Distraction/EMC,Assembly/acoustic QA,Noise/failure,Yes,No in-car feedback,reject,Phone audio preferable; no justified baseline need
Haptic motor,Touch feedback,Accessible acknowledgement,Not proven,0.5–2,Burst current,Driver/mount,Vibration coupling,EMC/UX,Mechanical assembly,Wear/vibration,Phone maybe,No,investigate,Button/accessibility prototype
Microphone,Capture speech,Extra report detail,No,0.2–2,Capture/compute,Audio path,Acoustic opening,Privacy/EMC,Acoustic QA,Noise/water/privacy,Yes preferred,Not user microphone,reject,Phone speech research
IMU,Motion/impact sensing,Wake/optional context,No,0.5–2,Sampling/idle,Chip,Placement/calibration,No safety claims,Calibration/test,False triggers,Phone sometimes,No vehicle motion,later,Need a measured motion requirement
Buttons,Physical reports,Touch operation,Multiple; count pending,0.3–1.5,Negligible input; illumination separate,Input/spacing,Tactile clearance,Driver safety,Mechanical QA,Wear/accidental activation,Not preferred common path,No,MVP,Human-factors document; no taxonomy fixed
USB-C,Core power input,Consumer install,Candidate not final,0.2–0.8,Connector losses minimal,Protection/connector,Retention/strain,Power/accessory conformity,Connector test,Cable/strain risk,No,No vehicle power,investigate,Compare USB/adapter options
Regulation/protection,Safe rails/brownouts,Reliability,Required,0.5–2,Quiescent/efficiency critical,Protection components,Thermal,Power/EMC,Electrical test,Transient/brownout,No,No,MVP,Power tests; no raw 12V baseline assumed
RTC,Time retention,Expiry after startup,Separate chip not yet required,0–1,Idle/backup,Small optional,Backup if fitted,Battery obligations if added,Time test,Drift/backup failure,Yes with connection,Maybe gateway time but not offline,investigate,GNSS/time freshness design needed
Debug pads,Recovery/QA,Manufacture/service,Required,0–0.2,None except active debug,Pads/clearance,Service access,Security/recovery,Fixture/provisioning,Damage/key exposure,No,Remote diagnostics not full recovery,MVP,Manufacturing/update requirements
Radio antenna,RF interface,Supplied appliance,Required,0.5–3,Matching/efficiency,Keep-out/feed,Orientation/mount,ERP/EIRP and RF testing,Antenna/tuning QA,Detuning/damage,No,No edge radio antenna,investigate,RF vehicle placement experiments
HaLow,IP backhaul,Infrastructure bandwidth,Not Drive baseline,Unquoted,Higher active/host demand,Module/host,Additional antenna/heat,Regional data-network review,Driver/RF integration,Complexity,Phone IP only,Yes preferred infrastructure,later,HaLow research; no UK supplier quote
Battery,Parked/portable power,Continuity,Not baseline,Unquoted,Charge/standby,Charger/protection,Heat/service volume,Battery/safety/transport,Battery QA,Heat/ageing,No device power,No,later,Vehicle heat and power budget unresolved
